,City,Lat,Lng,Max_Temp,Humidity,Cloudiness,Wind_Speed,Country,Date
0,yellowknife,62.456,-114.3525,6.8,78,90,12.66,CA,1619410536
1,cape town,-33.9258,18.4232,62.01,88,20,6.91,ZA,1619410500
2,saint george,37.1041,-113.5841,70.0,14,1,0.92,US,1619410570
3,busselton,-33.65,115.3333,77.0,48,99,4.0,AU,1619410548
4,hithadhoo,-0.6,73.0833,82.6,67,63,4.47,MV,1619410559
5,solnechnyy,50.7214,136.6319,51.42,32,69,4.74,RU,1619410592
6,boddam,57.4667,-1.7833,41.0,87,100,2.3,GB,1619410607
7,mataura,-46.1927,168.8643,48.0,70,98,20.0,NZ,1619410350
8,camacha,33.0833,-16.3333,62.6,77,40,17.27,PT,1619410608
9,ushuaia,-54.8,-68.3,46.4,76,75,12.66,AR,1619410536
10,waingapu,-9.6567,120.2641,84.85,54,25,12.97,ID,1619410609
11,vaini,-21.2,-175.2,82.4,89,75,4.61,TO,1619410554
12,bluff,-46.6,168.3333,48.0,70,84,20.0,NZ,1619410399
13,bengkulu,-3.8004,102.2655,85.05,67,37,6.8,ID,1619410608
14,sitka,57.0531,-135.33,55.4,50,1,3.44,US,1619410604
15,hobart,-42.8794,147.3294,66.2,45,40,18.41,AU,1619410260
16,gornopravdinsk,60.05,69.9,46.26,65,97,10.74,RU,1619410610
17,castro,-24.7911,-50.0119,55.74,96,80,2.53,BR,1619410342
18,guasdualito,7.2424,-70.7324,77.0,94,43,1.14,VE,1619410610
19,omboue,-1.5746,9.2618,78.48,86,76,3.6,GA,1619410436
20,mehran,33.1222,46.1646,68.0,30,40,4.61,IR,1619410611
21,barrow,71.2906,-156.7887,21.2,79,1,11.5,US,1619410336
22,mar del plata,-38.0023,-57.5575,60.01,88,75,3.44,AR,1619410579
23,tazovskiy,67.4667,78.7,24.12,92,100,13.44,RU,1619410612
24,punta arenas,-53.15,-70.9167,44.6,93,90,5.75,CL,1619410337
25,chuy,-33.6971,-53.4616,58.84,80,55,8.32,UY,1619410552
26,tasiilaq,65.6145,-37.6368,37.4,70,75,17.27,GL,1619410549
27,ponta do sol,32.6667,-17.1,59.0,83,45,5.01,PT,1619410567
28,bubaque,11.2833,-15.8333,77.2,68,22,11.41,GW,1619410613
29,ribeira grande,38.5167,-28.7,59.0,72,20,4.61,PT,1619410541
30,leh,34.1667,77.5833,38.64,30,0,1.66,IN,1619410614
31,kapaa,22.0752,-159.319,75.2,73,40,13.8,US,1619410468
32,vista hermosa,19.5167,-99.2167,68.0,52,75,9.22,MX,1619410614
33,robertsport,6.7533,-11.3686,81.63,79,100,7.36,LR,1619410615
34,saint-augustin,51.226,-58.6502,35.1,81,21,4.32,CA,1619410615
35,champerico,14.3,-91.9167,68.0,95,87,4.18,GT,1619410616
36,ostashkov,57.1467,33.1075,32.43,90,100,8.7,RU,1619410616
37,hermanus,-34.4187,19.2345,60.01,92,1,7.0,ZA,1619410505
38,verkhoyansk,67.5447,133.385,34.38,99,100,4.74,RU,1619410617
39,seguela,7.9611,-6.6731,72.25,85,92,3.65,CI,1619410617
40,port hedland,-20.3167,118.5667,91.4,10,0,13.8,AU,1619410617
41,jalu,29.0331,21.5482,59.02,64,0,7.74,LY,1619410618
42,banfora,10.6333,-4.7667,84.04,52,100,6.55,BF,1619410618
43,dingle,10.9995,122.6711,90.7,50,68,8.12,PH,1619410619
44,martinsburg,39.4562,-77.9639,51.8,46,1,10.36,US,1619410619
45,rikitea,-23.1203,-134.9692,77.88,74,28,4.79,PF,1619410324
46,port alfred,-33.5906,26.891,71.19,44,93,7.58,ZA,1619410491
47,torbay,47.6666,-52.7314,39.99,70,1,5.75,CA,1619410308
48,saskylakh,71.9167,114.0833,14.68,90,100,21.54,RU,1619410334
49,albany,42.6001,-73.9662,44.01,51,54,14.0,US,1619410369
50,nantucket,41.2835,-70.0995,46.4,93,1,16.11,US,1619410398
51,nisia floresta,-6.0911,-35.2086,77.0,88,40,3.44,BR,1619410586
52,turukhansk,65.8167,87.9833,23.09,70,32,3.38,RU,1619410621
53,rajapur,25.3833,81.15,97.03,9,59,7.52,IN,1619410622
54,bredasdorp,-34.5322,20.0403,51.8,93,93,2.3,ZA,1619410568
55,avarua,-21.2078,-159.775,80.6,78,20,5.75,CK,1619410302
56,atuona,-9.8,-139.0333,79.84,77,71,17.81,PF,1619410572
57,salalah,17.0151,54.0924,84.2,70,40,2.3,OM,1619410335
58,oliver,49.1831,-119.5524,50.0,87,100,3.44,CA,1619410349
59,georgetown,5.4112,100.3354,87.8,70,40,2.3,MY,1619410384
60,cookeville,36.1628,-85.5016,52.0,100,1,4.34,US,1619410120
61,fortuna,40.5982,-124.1573,50.0,93,90,2.51,US,1619410557
62,gamovo,57.8652,56.1056,39.2,75,75,17.9,RU,1619410624
63,belmonte,-15.8631,-38.8828,75.2,83,40,3.44,BR,1619410624
64,tuktoyaktuk,69.4541,-133.0374,14.0,79,90,8.05,CA,1619410567
65,geraldton,-28.7667,114.6,86.0,26,2,11.5,AU,1619410625
66,norman wells,65.282,-126.8329,28.4,46,40,6.91,CA,1619410625
67,tiksi,71.6872,128.8694,27.09,94,100,13.73,RU,1619410612
68,kangaatsiaq,68.3065,-53.4641,34.52,81,61,5.28,GL,1619410626
69,vardo,70.3705,31.1107,28.4,74,75,10.36,NO,1619410356
70,new norfolk,-42.7826,147.0587,66.2,45,40,18.41,AU,1619410333
71,iisalmi,63.5592,27.1907,35.6,93,90,5.75,FI,1619410573
72,sioux lookout,50.1001,-91.917,39.2,38,75,10.36,CA,1619410572
73,sikonge,-5.6333,32.7667,66.2,94,75,2.73,TZ,1619410627
74,qaanaaq,77.484,-69.3632,28.04,63,8,9.17,GL,1619410537
75,pevek,69.7008,170.3133,25.61,84,99,2.33,RU,1619410263
76,tucuma,-0.1833,-50.05,76.05,94,100,4.07,BR,1619410628
77,grindavik,63.8424,-22.4338,37.4,93,0,11.5,IS,1619410628
78,balikpapan,-1.2675,116.8289,85.95,61,43,6.33,ID,1619410629
79,vila velha,-20.3297,-40.2925,77.0,83,0,2.3,BR,1619410585
80,kavieng,-2.5744,150.7967,84.27,66,95,3.2,PG,1619410620
81,jacareacanga,-6.2222,-57.7528,73.58,98,42,1.3,BR,1619410629
82,makali,8.6333,-11.6667,72.84,95,100,1.21,SL,1619410630
83,airai,-8.9266,125.4092,74.25,39,36,2.98,TL,1619410392
84,puerto ayora,-0.7393,-90.3518,74.73,87,4,6.85,EC,1619410323
85,alice springs,-23.7,133.8833,77.0,22,0,12.66,AU,1619410508
86,hilo,19.7297,-155.09,73.4,83,90,6.91,US,1619410562
87,at-bashi,41.1702,75.8106,50.81,41,52,2.3,KG,1619410631
88,souillac,-20.5167,57.5167,77.0,88,75,14.97,MU,1619410339
89,maraa,-1.8333,-65.3667,73.94,98,100,2.68,BR,1619410632
90,los llanos de aridane,28.6585,-17.9182,66.2,72,90,9.33,ES,1619410632
91,kaitangata,-46.2817,169.8464,48.0,66,100,3.0,NZ,1619410633
92,simbahan,6.3032,120.5836,83.21,71,17,4.47,PH,1619410633
93,ryotsu,38.0833,138.4333,53.6,50,40,14.97,JP,1619410634
94,dikson,73.5069,80.5464,19.18,93,100,21.16,RU,1619410592
95,kodiak,57.79,-152.4072,42.8,81,1,9.22,US,1619410389
96,khatanga,71.9667,102.5,16.77,86,100,17.02,RU,1619410534
97,zhanaozen,43.3,52.8,67.77,35,19,10.16,KZ,1619410635
98,daru,-9.0763,143.2092,78.78,84,100,5.57,PG,1619410635
99,itoman,26.1247,127.6694,78.8,50,20,11.5,JP,1619410377
100,singaraja,-8.112,115.0882,86.58,60,0,3.27,ID,1619410636
101,codrington,-38.2667,141.9667,60.84,66,100,11.07,AU,1619410322
102,saint-leu,-21.15,55.2833,78.8,69,0,18.41,RE,1619410636
103,port elizabeth,-33.918,25.5701,59.0,88,0,2.3,ZA,1619410476
104,cockburn town,21.4612,-71.1419,78.17,77,39,17.54,TC,1619410637
105,brae,60.3964,-1.353,44.6,93,100,8.05,GB,1619410637
106,arraial do cabo,-22.9661,-42.0278,74.03,87,56,8.88,BR,1619410049
107,cherskiy,68.75,161.3,22.69,72,91,6.46,RU,1619410416
108,atocha,-20.9333,-66.2333,38.17,26,0,4.88,BO,1619410638
109,yuancheng,36.652,107.7896,58.8,45,20,11.9,CN,1619410639
110,dobeln,51.1167,13.1167,26.01,93,12,1.5,DE,1619410639
111,kaihua,23.3687,104.28,76.39,66,55,8.68,CN,1619410640
112,moerai,-22.4333,-151.3333,76.82,60,73,5.84,PF,1619410640
113,fiumicino,41.7675,12.2291,50.0,100,86,4.61,IT,1619410640
114,lichinga,-13.3128,35.2406,62.6,100,75,10.36,MZ,1619410641
115,tuatapere,-46.1333,167.6833,48.0,70,93,20.0,NZ,1619410360
116,saldanha,-33.0117,17.9442,60.8,94,12,10.36,ZA,1619410560
117,moroceli,14.1167,-86.8667,77.0,61,20,5.75,HN,1619410641
118,port-cartier,50.0334,-66.8654,42.01,48,99,8.05,CA,1619410423
119,taunggyi,20.7833,97.0333,85.82,36,100,3.15,MM,1619410642
120,nikolskoye,59.7035,30.7861,39.0,87,90,13.42,RU,1619410633
121,hearst,49.6835,-83.6665,23.0,80,7,3.44,CA,1619410643
122,honiara,-9.4333,159.95,84.72,77,84,4.45,SB,1619410643
123,marienburg,54.0359,19.0266,30.99,85,88,5.77,PL,1619410643
124,severo-kurilsk,50.6789,156.125,31.86,97,100,15.05,RU,1619410526
125,guerrero negro,27.9769,-114.0611,59.02,82,100,11.65,MX,1619410616
126,emerald,-23.5333,148.1667,82.4,21,0,8.05,AU,1619410644
127,mahebourg,-20.4081,57.7,77.0,88,75,14.97,MU,1619410484
128,alugan,12.2188,125.4808,81.93,65,13,11.5,PH,1619410370
129,havelock,34.8791,-76.9013,54.0,93,75,3.58,US,1619410558
130,cabo san lucas,22.8909,-109.9124,73.0,36,100,1.01,MX,1619410610
131,upernavik,72.7868,-56.1549,26.85,75,40,4.72,GL,1619410347
132,butaritari,3.0707,172.7902,83.17,73,16,11.52,KI,1619410333
133,camaqua,-30.8511,-51.8122,56.21,71,1,7.4,BR,1619410646
134,coahuayana,18.7333,-103.6833,72.34,87,84,1.48,MX,1619410581
135,samarai,-10.6167,150.6667,85.98,69,72,12.06,PG,1619410616
136,ipixuna,-1.7625,-48.8043,77.0,94,75,2.3,BR,1619410646
137,lima,-12.0432,-77.0282,64.99,88,40,3.44,PE,1619410647
138,toronto,43.7001,-79.4163,37.4,51,6,10.42,CA,1619410465
139,lhanbryde,57.6167,-3.2167,46.99,81,0,1.14,GB,1619410647
140,margate,51.3813,1.3862,43.0,68,11,3.0,GB,1619410314
141,filingue,14.3521,3.3168,88.34,22,21,3.8,NE,1619410648
142,berlevag,70.8578,29.0864,33.8,86,75,8.05,NO,1619410527
143,okhotsk,59.3833,143.3,27.73,53,1,3.18,RU,1619410649
144,along,28.1667,94.7667,92.23,23,17,0.72,IN,1619410649
145,klaksvik,62.2266,-6.589,42.8,100,100,18.41,FO,1619410378
146,talnakh,69.4865,88.3972,10.36,85,98,8.66,RU,1619410650
147,clyde river,70.4692,-68.5914,23.0,93,90,10.36,CA,1619410586
148,port hardy,50.6996,-127.4199,48.2,100,75,3.44,CA,1619410601
149,kalmunai,7.4167,81.8167,84.58,67,97,6.31,LK,1619410650
150,kitami,43.8031,143.8908,44.6,31,20,11.5,JP,1619410651
151,cabedelo,-6.9811,-34.8339,75.2,94,20,4.61,BR,1619410651
152,hoquiam,46.9809,-123.8893,48.2,81,1,4.61,US,1619410652
153,meulaboh,4.1363,96.1285,85.33,63,92,3.58,ID,1619410652
154,balkhash,46.844,74.9804,57.2,19,0,8.95,KZ,1619410653
155,tucupita,9.0622,-62.051,72.48,87,99,4.07,VE,1619410653
156,bar harbor,44.3876,-68.2039,46.0,100,90,8.05,US,1619410654
157,yeppoon,-23.1333,150.7333,80.6,36,40,9.22,AU,1619410350
158,narsaq,60.9167,-46.05,50.0,32,90,29.93,GL,1619410367
159,okha,53.5739,142.9478,33.42,42,1,2.44,RU,1619410654
160,panalingaan,8.7842,117.4231,84.87,70,47,7.2,PH,1619410655
161,grand gaube,-20.0064,57.6608,77.0,85,100,7.0,MU,1619410424
162,saint-joseph,-21.3667,55.6167,78.8,69,0,18.41,RE,1619410656
163,lebu,-37.6167,-73.65,54.14,93,24,9.82,CL,1619410488
164,murgab,37.4966,61.9714,75.2,35,0,9.22,TM,1619410656
165,zhangye,38.9342,100.4517,47.91,19,64,3.02,CN,1619410657
166,luwuk,-0.9516,122.7875,85.93,65,68,6.2,ID,1619410657
167,naze,28.3667,129.4833,75.2,69,40,19.57,JP,1619410657
168,faya,18.3851,42.4509,62.6,63,40,6.51,SA,1619410580
169,san cristobal,7.7669,-72.225,69.04,74,61,1.86,VE,1619410631
170,chiang kham,19.5233,100.3,84.99,52,98,5.19,TH,1619410658
171,antofagasta,-23.65,-70.4,57.2,82,0,4.61,CL,1619410659
172,ishigaki,24.3448,124.1572,77.0,61,40,12.66,JP,1619410659
173,atyrau,47.1167,51.8833,51.8,76,40,22.37,KZ,1619410660
174,kristiansund,63.1115,7.732,32.0,86,75,3.44,NO,1619410661
175,maldonado,-34.6667,-54.9167,64.4,68,20,18.41,UY,1619410468
176,quechultenango,17.4167,-99.2167,71.19,79,85,4.43,MX,1619410662
177,ilulissat,69.2167,-51.1,48.2,43,75,27.63,GL,1619410582
178,la romana,18.4273,-68.9728,71.6,100,20,11.5,DO,1619410523
179,quatre cocos,-20.2078,57.7625,77.0,88,75,14.97,MU,1619410617
180,nanortalik,60.1432,-45.2371,37.27,93,100,4.56,GL,1619410597
181,nouakchott,18.0858,-15.9785,66.2,68,0,11.5,MR,1619410663
182,markdale,44.3168,-80.6497,34.0,70,48,8.01,CA,1619410663
183,mitsamiouli,-11.3847,43.2844,77.0,88,20,6.91,KM,1619410664
184,deputatskiy,69.3,139.9,28.2,81,74,3.71,RU,1619410664
185,kachiry,53.0675,76.1036,56.89,53,90,10.02,KZ,1619410664
186,kudahuvadhoo,2.6708,72.8944,82.85,69,72,4.0,MV,1619410665
187,ukiah,39.1502,-123.2078,50.0,62,75,4.61,US,1619410665
188,bykivka,50.2929,27.9831,31.5,67,4,4.74,UA,1619410666
189,najran,17.4924,44.1277,71.6,53,40,4.61,SA,1619410653
190,jamestown,42.097,-79.2353,33.01,80,1,8.05,US,1619410578
191,abashiri,44.0213,144.2697,44.6,31,20,11.5,JP,1619410666
192,thompson,55.7435,-97.8558,30.2,93,90,3.44,CA,1619410598
193,sanmenxia,34.7747,111.1814,67.03,58,63,6.71,CN,1619410667
194,stornoway,58.2093,-6.3865,48.99,81,100,11.5,GB,1619410570
195,roros,62.5747,11.3842,26.6,74,75,4.61,NO,1619410414
196,adrar,20.5022,-10.0711,76.91,21,48,9.64,MR,1619410562
197,nyurba,63.2842,118.3319,26.71,84,100,11.52,RU,1619410668
198,aleksandrov gay,50.147,48.5704,46.27,52,100,4.09,RU,1619410668
199,niles,42.0189,-87.8028,41.0,52,90,9.22,US,1619410569
200,kamaishi,39.2667,141.8833,57.2,23,40,13.8,JP,1619410669
201,makasar,-5.14,119.4221,89.6,62,20,2.3,ID,1619410510
202,lorengau,-2.0226,147.2712,85.35,66,92,2.28,PG,1619410583
203,guzelyurt,38.2772,34.3719,55.4,62,75,5.75,TR,1619410670
204,san borja,-14.8167,-66.85,65.64,97,92,2.66,BO,1619410671
205,constitucion,-35.3333,-72.4167,56.39,77,0,8.28,CL,1619410549
206,kavaratti,10.5669,72.642,84.13,73,21,6.87,IN,1619410671
207,provideniya,64.3833,-173.3,33.8,75,0,6.71,RU,1619410335
208,astana,51.1801,71.446,57.2,58,0,8.95,KZ,1619410569
209,predivinsk,57.0669,93.4378,38.37,97,100,5.82,RU,1619410672
210,sirjan,29.452,55.6814,68.04,34,78,2.91,IR,1619410673
211,alexandria,31.2156,29.9553,62.6,72,40,13.8,EG,1619410612
212,leningradskiy,69.3833,178.4167,29.28,88,94,1.79,RU,1619410371
213,palu,-0.8917,119.8707,93.02,48,41,4.38,ID,1619410673
214,lavrentiya,65.5833,-171.0,32.97,92,97,0.56,RU,1619410601
215,bonavista,48.6499,-53.1147,37.99,75,13,5.75,CA,1619410674
216,east london,-33.0153,27.9116,66.2,52,0,5.75,ZA,1619410522
217,sabang,5.8933,95.3214,83.53,71,94,8.32,ID,1619410675
218,caravelas,-17.7125,-39.2481,74.73,86,2,6.26,BR,1619410675
219,mahmudia,45.0833,29.0833,45.0,70,75,6.91,RO,1619410675
220,chernenko,44.365,39.3103,46.4,98,100,2.59,RU,1619410676
221,caxito,-8.5785,13.6643,78.8,94,75,3.44,AO,1619410676
222,springfield,37.2153,-93.2982,62.6,55,1,19.57,US,1619410468
223,pustoshka,56.3355,29.369,32.58,93,99,6.82,RU,1619410677
224,wyndham,37.6985,-77.6125,50.0,87,1,5.68,US,1619410678
225,nunoa,-14.48,-70.6411,37.22,79,9,5.28,PE,1619410678
226,katobu,-4.9408,122.5276,89.96,48,44,3.69,ID,1619410678
227,sinazongwe,-17.2614,27.4618,67.75,81,70,5.01,ZM,1619410679
228,longyearbyen,78.2186,15.6401,14.0,67,20,1.14,SJ,1619410544
229,xai-xai,-25.0519,33.6442,68.49,91,26,3.2,MZ,1619410679
230,iqaluit,63.7506,-68.5145,32.0,93,90,3.44,CA,1619410497
231,noumea,-22.2763,166.4572,77.0,65,40,11.5,NC,1619410386
232,tabuk,17.4189,121.4443,86.54,48,40,6.58,PH,1619410666
233,jaque,7.5175,-78.1703,79.84,85,100,3.85,PA,1619410680
234,hami,42.8,93.45,51.48,10,54,4.41,CN,1619410681
235,portland,45.5234,-122.6762,53.6,66,75,4.61,US,1619410617
236,bethel,41.3712,-73.414,53.6,50,40,5.75,US,1619410385
237,victoria,22.2855,114.1577,75.0,78,100,3.0,HK,1619410501
238,komsomolskiy,40.4272,71.7189,73.4,25,2,2.3,UZ,1619410682
239,birao,10.2849,22.7882,73.53,71,99,2.8,CF,1619410652
240,cidreira,-30.1811,-50.2056,63.91,64,65,12.66,BR,1619410556
241,ilo,-17.6394,-71.3375,66.69,84,40,4.09,PE,1619410683
242,cayenne,4.9333,-52.3333,77.0,94,75,8.05,GF,1619410460
243,luderitz,-26.6481,15.1594,61.7,88,96,3.42,NA,1619410378
244,dugulubgey,43.6625,43.5369,50.0,87,90,2.24,RU,1619410684
245,nioro,13.35,-15.75,74.34,38,11,8.1,GM,1619410684
246,canon city,38.441,-105.2424,61.0,20,1,10.36,US,1619410685
247,bud,39.447,-86.1758,46.0,76,34,6.55,US,1619410629
248,ginir,7.1333,40.7,58.68,91,98,3.83,ET,1619410685
249,vila franca do campo,37.7167,-25.4333,57.2,88,75,11.5,PT,1619410551
250,ouadda,8.0777,22.4007,69.82,92,100,5.97,CF,1619410686
251,iralaya,15.0,-83.2333,78.94,72,12,10.65,HN,1619410622
252,huarmey,-10.0681,-78.1522,67.19,85,10,9.15,PE,1619410646
253,razdolinsk,58.4211,94.6658,39.27,77,92,6.67,RU,1619410687
254,esperance,-33.8667,121.9,84.2,21,36,14.97,AU,1619410499
255,yumen,40.2833,97.2,51.46,9,7,19.17,CN,1619410614
256,hay river,60.8156,-115.7999,19.4,93,100,8.05,CA,1619410688
257,chara,56.9064,118.2631,35.2,99,100,2.06,RU,1619410688
258,hobyo,5.3505,48.5268,84.15,61,89,8.43,SO,1619410688
259,takoradi,4.8845,-1.7554,79.5,86,100,5.28,GH,1619410689
260,hasaki,35.7333,140.8333,66.0,26,20,10.36,JP,1619410602
261,cotonou,6.3654,2.4183,84.2,79,40,8.05,BJ,1619410689
262,zemio,5.0314,25.1361,68.04,98,100,1.77,CF,1619410690
263,vila,42.0304,-8.1588,51.01,95,37,2.42,PT,1619410653
264,port lincoln,-34.7333,135.8667,66.36,62,3,8.05,AU,1619410542
265,richards bay,-28.783,32.0377,63.63,91,2,4.14,ZA,1619410467
266,kieta,-6.2167,155.6333,85.73,66,23,6.82,PG,1619410605
267,amboasary,-25.0333,46.3833,73.4,88,20,9.22,MG,1619410691
268,nishio,34.8667,137.05,64.4,27,20,6.91,JP,1619410580
269,kaeo,-35.1,173.7833,64.99,71,16,5.99,NZ,1619410414
270,puebloviejo,10.9938,-74.2844,84.2,70,75,5.75,CO,1619410692
271,bahia blanca,-38.7196,-62.2724,54.97,77,0,5.37,AR,1619410693
272,djougou,9.7085,1.666,78.8,78,0,4.61,BJ,1619410583
273,scarborough,54.2797,-0.4044,36.0,91,27,0.89,GB,1619410512
274,srednekolymsk,67.45,153.6833,26.58,66,12,8.79,RU,1619410619
275,dubbo,-32.25,148.6167,71.6,30,0,5.75,AU,1619410694
276,cardston,49.2,-113.3019,35.6,87,100,1.14,CA,1619410512
277,nizhneangarsk,55.7833,109.55,36.28,58,100,6.22,RU,1619410694
278,saint-philippe,-21.3585,55.7679,78.8,69,0,18.41,RE,1619410581
279,kidal,18.4411,1.4078,82.81,8,5,2.53,ML,1619410565
280,severo-yeniseyskiy,60.3725,93.0408,34.79,60,37,5.59,RU,1619410695
281,kemin,42.7846,75.6892,61.11,51,79,3.83,KG,1619410695
282,half moon bay,37.4636,-122.4286,51.8,93,20,3.44,US,1619410573
283,vestmannaeyjar,63.4427,-20.2734,44.49,82,2,7.38,IS,1619410696
284,tiznit,29.5833,-9.5,56.07,79,85,1.88,MA,1619410547
285,ostrovnoy,68.0531,39.5131,31.37,94,100,22.91,RU,1619410693
286,meget,52.415,104.0494,41.0,52,75,24.61,RU,1619410697
287,kargil,34.5667,76.1,36.59,30,0,1.16,IN,1619410697
288,bilibino,68.0546,166.4372,25.57,79,100,2.64,RU,1619410563
289,pacific grove,36.6177,-121.9166,53.6,76,75,3.44,US,1619410609
290,atlantic city,39.3643,-74.4229,54.0,66,40,5.75,US,1619410507
291,broome,42.2506,-75.833,37.99,69,90,17.27,US,1619410461
292,curuca,-0.7289,-47.8481,74.35,95,93,3.44,BR,1619410699
293,alofi,-19.0595,-169.9187,84.2,74,84,3.44,NU,1619410659
294,glendive,47.1053,-104.7125,48.2,57,90,6.11,US,1619410699
295,maiduguri,11.8464,13.1603,80.29,44,96,1.45,NG,1619410700
296,mukhen,48.1,136.1,55.09,25,38,6.04,RU,1619410700
297,vanderhoof,54.0166,-124.0198,39.7,44,5,2.48,CA,1619410513
298,romans-sur-isere,45.0464,5.0562,53.01,70,100,0.87,FR,1619410701
299,mayo,38.8876,-76.5119,57.2,54,1,5.75,US,1619410550
300,ixtapa,20.7,-105.2,78.01,78,40,0.72,MX,1619410625
301,tromso,69.6496,18.957,32.0,93,75,4.61,NO,1619410702
302,namtsy,62.7161,129.6658,39.2,70,0,6.71,RU,1619410702
303,diyarb najm,30.7542,31.4393,64.0,67,24,11.01,EG,1619410703
304,rio gallegos,-51.6226,-69.2181,51.8,54,40,12.66,AR,1619410703
305,beringovskiy,63.05,179.3167,31.87,90,47,1.88,RU,1619410626
306,chokurdakh,70.6333,147.9167,30.9,98,100,10.63,RU,1619410265
307,langsa,4.4683,97.9683,90.95,54,100,1.28,ID,1619410704
308,muriwai beach,-36.8167,174.45,63.0,77,53,5.01,NZ,1619410705
309,turan,16.0678,108.2208,89.6,70,40,8.05,VN,1619410705
310,jember,-8.166,113.7032,89.89,47,1,3.33,ID,1619410665
311,zhigansk,66.7697,123.3711,25.68,94,100,15.99,RU,1619410705
312,kerema,-7.9631,145.7785,79.05,82,100,1.57,PG,1619410706
313,waddan,29.1614,16.139,57.9,74,13,8.79,LY,1619410706
314,high rock,26.6208,-78.2833,80.6,83,20,5.75,BS,1619410597
315,salta,-24.7859,-65.4117,57.2,88,90,1.68,AR,1619410520
316,carnarvon,-24.8667,113.6333,93.2,18,0,5.75,AU,1619410551
317,tilichiki,60.4667,166.1,31.84,97,100,4.88,RU,1619410450
318,huangchuan,32.1272,115.0394,58.84,76,100,2.93,CN,1619410707
319,biscarrosse,44.3945,-1.1672,55.4,82,0,8.05,FR,1619410708
320,chapleau,47.8405,-83.4034,15.22,95,10,1.9,CA,1619410512
321,kruisfontein,-34.0033,24.7314,64.15,57,100,2.91,ZA,1619410689
322,citluk,43.2286,17.7008,42.8,87,0,2.3,BA,1619410709
323,nabire,-3.3667,135.4833,85.21,66,80,5.03,ID,1619410709
324,smoljan,43.0924,19.2286,28.65,81,25,1.01,ME,1619410710
325,pedernales,18.0384,-71.744,77.43,73,67,3.56,DO,1619410491
326,praia da vitoria,38.7333,-27.0667,59.0,88,40,10.11,PT,1619410642
327,angoche,-16.2325,39.9086,73.94,92,81,3.94,MZ,1619410710
328,rawson,-43.3002,-65.1023,59.29,52,28,17.43,AR,1619410621
329,durango,24.8333,-104.8333,66.2,22,100,8.7,MX,1619410655
330,ekhabi,53.5102,142.9671,33.71,39,1,1.32,RU,1619410711
331,nadym,65.5333,72.5167,34.25,96,100,19.01,RU,1619410712
332,aksarka,66.5606,67.7975,35.47,98,99,11.48,RU,1619410712
333,vao,-22.6667,167.4833,74.34,70,58,15.95,NC,1619410710
334,pierre,44.3683,-100.351,53.6,58,90,16.11,US,1619410700
335,neuquen,-38.9516,-68.0591,55.4,76,0,8.34,AR,1619410713
336,nemuro,43.3236,145.575,42.8,31,20,14.97,JP,1619410455
337,kathu,7.9178,98.3332,86.0,74,40,6.91,TH,1619410372
338,boden,65.8252,21.6886,28.4,69,0,11.5,SE,1619410714
339,mount gambier,-37.8333,140.7667,59.0,77,90,8.05,AU,1619410320
340,poykovskiy,61.2333,73.3333,48.2,34,0,11.18,RU,1619410715
341,nizhniy kuranakh,58.8353,125.4869,39.56,90,100,7.27,RU,1619410715
342,isangel,-19.55,169.2667,82.4,74,75,11.5,VU,1619410543
343,marsa matruh,31.3525,27.2453,66.2,68,40,12.66,EG,1619410524
344,doha,25.2867,51.5333,87.8,42,50,4.61,QA,1619410540
345,college,64.8569,-147.8028,64.4,19,20,2.53,US,1619410716
346,clocolan,-28.9137,27.5656,45.54,27,86,2.91,ZA,1619410716
347,nurota,40.5614,65.6886,71.6,30,2,9.22,UZ,1619410717
348,winona,43.9666,-91.7668,46.0,61,90,10.36,US,1619410717
349,ambon,-3.6954,128.1814,87.8,66,40,6.91,ID,1619410718
350,touros,-5.1989,-35.4608,75.2,94,20,4.61,BR,1619410558
351,sayyan,15.1718,44.3244,61.43,44,93,3.71,YE,1619410718
352,camargo,27.6667,-105.1667,76.01,8,100,15.23,MX,1619410719
353,athabasca,54.7169,-113.2854,39.2,47,100,1.14,CA,1619410719
354,ambatofinandrahana,-20.55,46.8,58.3,91,100,3.71,MG,1619410719
355,shimoda,34.6667,138.95,59.0,38,20,14.97,JP,1619410720
356,inta,66.0317,60.1659,42.93,71,100,18.21,RU,1619410720
357,coos bay,43.3665,-124.2179,48.2,87,90,3.44,US,1619410721
358,bambous virieux,-20.3428,57.7575,77.0,88,75,14.97,MU,1619410422
359,nusaybin,37.0778,41.2178,75.2,23,40,13.8,TR,1619410721
360,sarkikaraagac,38.0794,31.3664,48.0,90,57,4.83,TR,1619410722
361,mopipi,-21.1833,24.8833,61.0,31,0,8.25,BW,1619410722
362,oer-erkenschwick,51.6333,7.25,37.0,72,59,4.0,DE,1619410722
363,okakarara,-20.5833,17.4333,55.62,37,0,4.36,NA,1619410723
364,sakakah,29.9697,40.2064,73.4,25,0,6.91,SA,1619410695
365,ponta delgada,37.7333,-25.6667,57.2,88,75,11.5,PT,1619410662
366,uruguaiana,-29.7547,-57.0883,53.6,87,0,5.75,BR,1619410724
367,manggar,-2.8833,108.2667,86.58,61,21,9.08,ID,1619410537
368,angoram,-4.0625,144.0661,91.74,51,67,2.98,PG,1619410724
369,aklavik,68.2191,-135.0107,14.0,85,100,6.91,CA,1619410724
370,keetmanshoop,-26.5833,18.1333,66.2,39,0,5.75,NA,1619410725
371,san quintin,30.4833,-115.95,57.24,83,26,12.64,MX,1619410725
372,hit,33.6416,42.8251,86.45,17,100,7.43,IQ,1619410717
373,wajima,37.4,136.9,51.8,30,0,11.5,JP,1619410726
374,ossora,59.2353,163.0719,33.12,98,98,1.68,RU,1619410726
375,gat,31.61,34.7642,66.99,100,17,4.0,IL,1619410727
376,san patricio,28.017,-97.5169,75.2,88,75,9.22,US,1619410670
377,mercedes,-34.6515,-59.4307,55.0,92,98,5.3,AR,1619410727
378,lagoa,39.05,-27.9833,58.8,85,100,10.63,PT,1619410570
379,deer lake,49.1667,-57.4316,30.2,86,1,4.61,CA,1619410728
380,lhokseumawe,5.1801,97.1507,85.23,65,96,2.28,ID,1619410728
381,ciudad bolivar,8.1222,-63.5497,79.88,68,100,14.03,VE,1619410729
382,sorland,67.667,12.6934,37.58,62,100,9.46,NO,1619410729
383,jiuquan,39.7432,98.5174,50.76,10,1,13.15,CN,1619410725
384,monrovia,6.3005,-10.7969,77.0,94,75,4.34,LR,1619410730
385,hualmay,-11.0964,-77.6139,65.8,89,17,8.03,PE,1619410574
386,nuevo progreso,23.1667,-97.95,78.01,77,46,3.0,MX,1619410731
387,vanavara,60.34,102.2797,32.41,65,83,13.02,RU,1619410541
388,yar-sale,66.8333,70.8333,33.49,99,100,15.01,RU,1619410365
389,gorontalo,0.5412,123.0595,89.11,59,100,8.19,ID,1619410731
390,abeche,13.8292,20.8324,80.69,25,91,5.93,TD,1619410732
391,walvis bay,-22.9575,14.5053,60.01,100,21,6.91,NA,1619410419
392,floro,61.5996,5.0328,35.6,64,7,8.05,NO,1619410643
393,husavik,66.0449,-17.3389,35.6,87,75,8.05,IS,1619410612
394,aksu,41.1231,80.2644,63.82,17,10,6.31,CN,1619410733
395,biak,-0.9131,122.8766,83.41,66,68,6.46,ID,1619410733
396,gleisdorf,47.1061,15.7127,39.0,16,97,2.06,AT,1619410734
397,havoysund,70.9963,24.6622,32.0,86,75,5.75,NO,1619410562
398,harqalah,36.0303,10.509,62.01,82,75,5.75,TN,1619410734
399,jumla,29.2747,82.1838,65.26,18,0,4.52,NP,1619410735
400,ulaangom,49.9811,92.0667,38.93,50,0,0.67,MN,1619410622
401,maceio,-9.6658,-35.7353,73.4,94,0,4.61,BR,1619410725
402,sicamous,50.8331,-118.9856,50.0,50,100,1.14,CA,1619410736
403,merauke,-8.4667,140.3333,82.96,73,99,4.05,ID,1619410736
404,mandera,3.9366,41.867,79.97,69,52,7.72,KE,1619410736
405,mitha tiwana,32.2486,72.1108,90.01,12,6,5.53,PK,1619410737
406,lagunas,-5.2269,-75.6753,76.57,85,100,1.99,PE,1619410737
407,balod,20.73,81.2047,98.08,8,1,4.56,IN,1619410738
408,andenes,69.3143,16.1194,35.6,64,90,12.66,NO,1619410738
409,ozinki,51.1786,49.6769,46.29,45,89,4.88,RU,1619410739
410,warrington,53.3925,-2.5802,42.8,81,36,4.61,GB,1619410380
411,innisfail,-17.5333,146.0333,73.47,93,100,13.53,AU,1619410512
412,maputo,-25.9653,32.5892,68.0,94,20,3.44,MZ,1619410739
413,nagtipunan,16.2167,121.6,86.38,51,48,3.89,PH,1619410740
414,ambulu,-8.345,113.6058,86.86,59,1,6.38,ID,1619410540
415,fruitville,27.3298,-82.4576,73.99,83,1,6.91,US,1619410740
416,tessalit,20.1986,1.0114,84.18,9,9,8.7,ML,1619410741
417,khandyga,62.6667,135.6,32.0,92,100,6.76,RU,1619410741
418,etchojoa,26.9167,-109.6333,75.99,33,100,8.1,MX,1619410742
419,lata,40.1629,-8.3327,57.2,88,40,5.75,PT,1619410541
420,monte escobedo,22.3,-103.5833,60.96,32,41,6.38,MX,1619410742
421,ivankiv,50.9386,29.8943,37.4,81,90,2.24,UA,1619410743
422,isiro,2.7739,27.616,65.55,99,100,2.01,CD,1619410743
423,padang,-0.9492,100.3543,87.8,66,40,5.75,ID,1619410538
424,olafsvik,64.8945,-23.7142,39.47,87,12,11.81,IS,1619410599
425,neiafu,-18.65,-173.9833,82.4,74,20,6.91,TO,1619410628
426,zhangjiakou,40.81,114.8794,63.86,42,65,6.62,CN,1619410744
427,ucluelet,48.9329,-125.5528,50.0,83,100,2.19,CA,1619410472
428,tibiri,13.5627,7.0485,83.53,39,50,7.67,NE,1619410745
429,wukari,7.85,9.7833,77.9,76,67,4.68,NG,1619410745
430,wuan,31.6836,112.0044,58.6,79,100,1.52,CN,1619410745
431,hovd,48.0056,91.6419,36.57,19,1,2.42,MN,1619410520
432,guilin,25.2819,110.2864,66.2,77,75,6.71,CN,1619410746
433,urucui,-7.2294,-44.5561,74.53,92,100,2.01,BR,1619410746
434,les cayes,18.2,-73.75,74.79,84,9,2.84,HT,1619410747
435,farmington,36.7281,-108.2187,64.0,11,1,10.36,US,1619410567
436,sobolevo,54.4299,31.8996,31.78,77,11,7.56,RU,1619410611
437,carutapera,-1.195,-46.02,75.67,91,57,4.56,BR,1619410572
438,poum,-20.2333,164.0167,77.4,69,43,22.97,NC,1619410435
439,kurtamysh,54.9103,64.4319,49.39,43,44,17.2,RU,1619410748
440,sassandra,4.95,-6.0833,75.27,89,89,3.91,CI,1619410749
441,casper,42.8666,-106.3131,57.0,43,90,9.22,US,1619410749
442,hamilton,39.1834,-84.5333,46.4,61,1,3.6,US,1619410512
443,mayskiy,47.6931,40.1025,46.4,81,40,8.95,RU,1619410750
444,yulara,-25.2406,130.9889,77.0,20,0,11.5,AU,1619410544
445,fort nelson,58.8053,-122.7002,48.2,25,75,19.57,CA,1619410539
446,aginskoye,51.1,114.53,54.07,41,37,16.15,RU,1619410751
447,funadhoo,6.15,73.2667,83.82,71,15,3.69,MV,1619410751
448,cam ranh,11.9214,109.1591,89.6,62,20,8.05,VN,1619410752
449,sao filipe,14.8961,-24.4956,71.98,70,99,8.77,CV,1619410374
450,alekseyevka,50.6309,38.6903,41.92,63,97,4.07,RU,1619410752
451,gizo,-8.103,156.8419,84.6,69,20,3.96,SB,1619410479
452,porto velho,-8.7619,-63.9039,77.0,94,40,2.3,BR,1619410578
453,yerbogachen,61.2767,108.0108,29.84,57,99,13.33,RU,1619410330
454,nuuk,64.1835,-51.7216,37.4,87,75,5.75,GL,1619410669
455,bogorodskoye,56.55,37.8833,33.28,81,99,12.75,RU,1619410688
456,ahipara,-35.1667,173.1667,63.14,65,22,7.67,NZ,1619410643
457,kropotkin,45.4375,40.5756,48.0,82,100,10.29,RU,1619410754
458,hofn,64.2539,-15.2082,42.75,69,10,13.38,IS,1619410631
459,katsuura,35.1333,140.3,63.0,25,20,17.27,JP,1619410470
460,makushino,55.2103,67.2442,51.39,50,31,17.07,RU,1619410755
461,bismarck,46.8083,-100.7837,39.2,87,90,9.22,US,1619410549
462,fuerte olimpo,-21.0415,-57.8738,69.53,73,100,3.87,PY,1619410542
463,mogadishu,2.0371,45.3438,82.4,69,75,6.91,SO,1619410756
464,amargosa,-13.0303,-39.6047,70.09,95,100,3.27,BR,1619410756
465,lasa,46.6166,10.7002,46.99,87,40,4.61,IT,1619410735
466,xuddur,4.1213,43.8894,74.91,81,72,11.39,SO,1619410757
467,gravdal,68.1214,13.5031,37.0,64,99,7.47,NO,1619410621
468,chhatak,25.0333,91.6667,94.82,24,1,3.94,BD,1619410758
469,dong hoi,17.4833,106.6,86.32,74,81,8.61,VN,1619410758
470,ngunguru,-35.6167,174.5,64.99,71,41,5.99,NZ,1619410758
471,urdoma,61.7533,48.5442,36.99,85,100,5.82,RU,1619410759
472,vostok,46.4856,135.8833,48.56,26,9,8.79,RU,1619410759
473,te anau,-45.4167,167.7167,46.31,78,93,6.46,NZ,1619410487
474,viedma,-40.8135,-62.9967,53.89,76,25,10.18,AR,1619410683
475,visby,57.6409,18.296,37.4,75,75,14.97,SE,1619410760
476,changji,44.0167,87.3167,53.6,16,0,4.47,CN,1619410761
477,anadyr,64.75,177.4833,26.6,100,75,2.24,RU,1619410761
478,asyut,27.181,31.1837,71.6,35,0,11.5,EG,1619410761
479,xiongzhou,25.1167,114.3,69.3,80,100,2.64,CN,1619410762
480,ouegoa,-20.35,164.4333,79.32,65,62,8.43,NC,1619410762
481,miraflores,19.2167,-98.8083,68.0,52,75,9.22,MX,1619410762
482,zaysan,47.4667,84.8667,48.31,31,44,5.37,KZ,1619410754
483,fare,-16.7,-151.0167,81.5,63,2,1.25,PF,1619410415
484,ancud,-41.8697,-73.8203,52.0,100,90,5.75,CL,1619410495
485,san jose de gracia,20.6667,-102.5833,70.14,37,42,3.36,MX,1619410763
486,westport,41.1415,-73.3579,52.0,76,75,6.91,US,1619410729
487,kassala,15.451,36.4,88.38,33,78,3.49,SD,1619410764
488,ubinskoye,55.3068,79.6802,50.83,43,96,14.23,RU,1619410764
489,sao caetano de odivelas,-0.75,-48.02,74.44,95,96,4.34,BR,1619410765
490,madison heights,42.4859,-83.1052,36.0,75,1,8.05,US,1619410766
491,palang,23.2167,90.35,89.6,55,12,6.91,BD,1619410517
492,kununurra,-15.7667,128.7333,91.4,33,40,9.22,AU,1619410766
493,honolulu,21.3069,-157.8583,80.01,57,40,20.71,US,1619410496
494,batagay-alyta,67.8006,130.4114,30.07,89,100,4.16,RU,1619410767
495,rafai,4.95,23.9167,68.63,99,100,2.06,CF,1619410767
496,bryan,30.6744,-96.37,70.0,73,1,13.8,US,1619410588
497,kahului,20.8947,-156.47,73.4,83,40,18.41,US,1619410471
498,avera,33.194,-82.5271,59.0,67,1,8.05,US,1619410531
499,bodden town,19.2833,-81.25,80.6,78,0,2.3,KY,1619410728
500,moussoro,13.6408,16.4901,81.48,18,98,5.39,TD,1619410768
501,antigonish,45.6169,-61.9986,46.0,95,100,3.0,CA,1619410769
502,ayan,56.45,138.1667,31.93,82,92,5.21,RU,1619410698
503,swakopmund,-22.6833,14.5333,60.01,100,12,6.91,NA,1619410770
504,marsh harbour,26.5412,-77.0636,77.85,75,0,9.93,BS,1619410553
505,manta,-0.95,-80.7333,77.0,78,0,2.3,EC,1619410771
506,karasburg,-28.0167,18.75,64.15,44,100,4.83,NA,1619410771
507,asau,46.4333,26.4,37.99,64,64,1.01,RO,1619410662
508,la sarre,48.8002,-79.1996,17.64,87,35,10.27,CA,1619410772
509,warmbad,-28.45,18.7333,66.34,45,100,4.65,NA,1619410607
510,labuhan,-6.8844,112.2051,86.54,62,2,11.36,ID,1619410685
511,kalundborg,55.6795,11.0886,37.99,87,27,5.99,DK,1619410569
512,varkaus,62.3153,27.873,37.4,93,90,12.66,FI,1619410573
513,lagoa vermelha,-28.2086,-51.5258,50.27,97,46,2.1,BR,1619410773
514,jungapeo,19.45,-100.4833,70.79,42,68,5.01,MX,1619410773
515,coquimbo,-29.9533,-71.3436,53.6,87,0,2.3,CL,1619410396
516,westonaria,-26.3191,27.6486,53.01,49,0,0.96,ZA,1619410774
517,hutchinson,38.0608,-97.9298,66.99,59,1,17.27,US,1619410619
518,karachi,24.9056,67.0822,86.0,66,0,4.61,PK,1619410675
519,karpogory,64.0019,44.4451,39.04,96,100,6.13,RU,1619410775
520,linxia,35.6003,103.2064,45.77,43,100,4.79,CN,1619410775
521,mizan teferi,6.9833,35.5833,61.63,95,100,0.43,ET,1619410775
522,baruun-urt,46.6806,113.2792,48.69,21,4,31.81,MN,1619410574
523,taltal,-25.4,-70.4833,61.36,83,0,1.05,CL,1619410733
524,ivanovka,42.8878,75.085,60.8,39,0,4.47,KG,1619410776
525,beira,-19.8436,34.8389,71.6,94,20,6.15,MZ,1619410776
526,kijang,35.2442,129.2139,68.0,30,0,10.36,KR,1619410777
527,umm lajj,25.0213,37.2685,79.95,53,0,5.48,SA,1619410483
528,fethiye,36.6217,29.1164,59.0,82,0,6.91,TR,1619410557
529,muros,42.7762,-9.0603,53.01,95,16,1.99,ES,1619410719
530,cap malheureux,-19.9842,57.6142,77.0,85,100,5.99,MU,1619410635
531,ambilobe,-13.2,49.05,73.18,82,91,3.11,MG,1619410516
532,sur,22.5667,59.5289,88.86,38,19,3.74,OM,1619410630
533,aswan,24.0934,32.907,79.66,25,0,13.15,EG,1619410695
534,keti bandar,24.1447,67.4497,85.3,62,0,15.08,PK,1619410579
535,kamenka,51.3223,42.7678,42.01,55,100,4.38,RU,1619410675
536,hun,29.1268,15.9477,58.32,72,10,9.17,LY,1619410779
537,harper,4.375,-7.7169,75.63,88,98,4.47,LR,1619410473
538,kirakira,-10.4544,161.9205,84.38,74,76,0.72,SB,1619410579
539,quelimane,-17.8786,36.8883,73.0,100,27,3.38,MZ,1619410780
540,bitung,1.4451,125.1824,89.6,58,40,8.05,ID,1619410593
541,scottsbluff,41.8666,-103.6672,62.6,36,1,11.5,US,1619410780
542,puerto escondido,15.85,-97.0667,82.4,78,40,4.61,MX,1619410661
543,ojinaga,29.5667,-104.4167,84.2,10,1,13.8,MX,1619410781
544,chicama,-7.8447,-79.1469,68.32,80,11,7.23,PE,1619410781
545,burnie,-41.0667,145.9167,59.0,64,15,15.01,AU,1619410782
546,teguldet,57.3064,88.1667,38.88,96,100,3.56,RU,1619410782
547,adjumani,3.3779,31.7909,65.79,97,94,1.12,UG,1619410783
548,paraiso,9.8383,-83.8656,71.6,68,20,3.44,CR,1619410783
549,aykhal,66.0,111.5,11.75,90,100,30.53,RU,1619410783
550,ballina,-28.8667,153.5667,71.6,64,40,11.5,AU,1619410784
551,pacifica,37.6138,-122.4869,51.01,93,20,3.44,US,1619410429
552,bonthe,7.5264,-12.505,80.51,83,98,7.14,SL,1619410701
553,garowe,8.4054,48.4845,77.63,75,58,8.52,SO,1619410784
554,paamiut,61.994,-49.6678,33.98,99,100,6.08,GL,1619410354
555,olga,43.7444,135.2892,54.16,31,22,9.82,RU,1619410785
556,kitimat,54.0524,-128.6534,48.99,52,1,2.93,CA,1619410786
557,yangjiang,21.85,111.9667,74.07,87,100,11.45,CN,1619410786
558,stabat,3.761,98.4513,87.8,70,40,5.75,ID,1619410786
559,pangnirtung,66.1451,-65.7125,29.16,80,98,7.05,CA,1619410615
